Keyword,Count
브이,10
로그,10
최초,8
공개,6
협상,6
친구,6
인생,6
커플,5
믹스,5
연애,5
레시피,4
먹방,4
이제훈,4
기술,4
커피,4
김치,4
여기,4
신발,4
하이라이트,4
트롯,4
맛집,4
미국,3
리사이틀,3
동묘,3
인피니트,3
여행,3
방법,3
콘서트,3
장모님,3
이야기,3
사랑,3
우리,3
박보검,3
처음,3
전설,3
임영웅,3
만들기,3
일본,3
선물,3
제니,3
아기,3
시안,2
솔로,2
이삭,2
토스트,2
시작,2
스테이,2
생일,2
감사,2
한형,2
색깔,2
프로,2
하츠,2
타짜,2
화투,2
야채,2
엄마,2
초대,2
나눔,2
긴급,2
복어,2
서인국,2
정은지,2
양봉,2
성동일,2
달라,2
핑계,2
튀르키예,2
집대성,2
현경,2
정통,2
은파,2
만난,2
이유,2
감자탕,2
음식,2
화사,2
조선,2
미스터,2
이의,2
가장,2
결혼,2
선공,2
가득,2
에이즈,2
이건,2
식탁,2
폭싹,2
양산,2
김미숙,2
배우,2
부탁,2
추천,2
멋대로,2
이사,2
비하인드,2
케미,2
한혜진,2
김재중,2
아이유,2
뱃살,2
고왕,2
빡세,2
요리,2
냉장고,2
남편,2
바리스타,2
보이,2
가족,2
크기,2
초대형,2
최고,2
무대,2
대화,2
탐방,2
가요무대,2
세라핌,2
근황,2
재료,2
요즘,2
추성훈,2
남친,2
고요,2
무려,2
긴장,2
진짜,2
준비물,2
등원,2
어린이집,2
아이돌,2
직접,2
도전,2
게임,2
손흥민,2
키키,2
활동,2
아들,2
라이브,2
역사,2
차로,2
이찬원,2
소스,1
송은이,1
형부,1
황동주,1
가비,1
찰스,1
청문회,1
세월,1
누운,1
구름,1
조각,1
찬가,1
비명,1
마중,1
가탴,1
킬링,1
보이스,1
색안경,1
딩고,1
뮤직,1
자꾸,1
안세영,1
갓난아기,1
공항,1
승호,1
원샷,1
괄사,1
공구,1
편집,1
회수,1
베텔기우스,1
유우,1
급식,1
메이,1
람보르기니,1
구독,1
왕만,1
모든,1
공장,1
임시,1
보호,1
등장,1
이오,1
나미,1
채널,1
독자,1
별명,1
마루,1
선택,1
국민,1
아빠,1
인사,1
하드코어,1
가즈,1
낭만,1
고추,1
비행기,1
타고,1
월드컵,1
예선,1
집기,1
대학,1
스테이크,1
정시,1
관왕,1
마이,1
수능,1
성적,1
유튜버,1
버터,1
대신,1
오열,1
잔치국수,1
등촌,1
샤브샤브,1
출석,1
번호,1
학교,1
졸업식,1
안방,1
스마트폰,1
태블릿,1
노트북,1
액세서리,1
알리,1
광고,1
눈물,1
유치원,1
적응,1
맥주,1
실제,1
존재,1
일본어,1
눈앞,1
관찰,1
자기,1
주도,1
이유식,1
불고기,1
샌드위치,1
다이브,1
감격,1
자매,1
우리나라,1
동안,1
매일,1
계란,1
야외,1
녹음실,1
기저귀,1
서방,1
고래,1
만삭,1
강아지,1
브로콜리,1
참기름,1
조카,1
수시,1
광탈,1
러버,1
히든,1
천재,1
파스타,1
연세대,1
학번,1
란제리,1
화보,1
모델,1
타파,1
일지,1
다이어트,1
운동,1
남자,1
가전,1
쇼핑,1
가면,1
일식,1
코스,1
제대로,1
용형,1
김원,1
초특,1
할인,1
얼굴,1
회사,1
출근,1
남미,1
실력,1
발휘,1
멘붕,1
이커머스,1
생각,1
조달,1
제안,1
폭탄,1
발언,1
말빨,1
소개팅,1
넥스트,1
전하,1
용빈,1
메시지,1
이창섭,1
급찐급빠,1
교육,1
모임,1
초대장,1
하나,1
박태진,1
겁쟁이,1
뮤직뱅크,1
제법,1
롤모델,1
국물,1
활용,1
애순,1
산골,1
소년,1
가수,1
도어,1
취한,1
완치,1
오라,1
제로,1
베이스,1
예민,1
연속,1
간단,1
들기름,1
한일,1
스위스,1
대창,1
슈퍼주니어,1
김희철,1
하루,1
승무원,1
할머니,1
이창호,1
결혼식,1
사전,1
체험,1
대가족,1
예비,1
사위,1
신고식,1
승부,1
오버,1
워치,1
문화,1
차이,1
정장,1
후기,1
조훈현,1
철학,1
아빠어디가,1
송도,1
주민,1
바둑,1
세기,1
대국,1
보라,1
개발자,1
유머,1
파악,1
호시,1
우지,1
동갑,1
내기,1
통발,1
연모,1
알렉스,1
페레이라,1
마고,1
메드,1
칼라,1
일동,1
당황,1
지난,1
감염,1
누구,1
미스터리,1
추적,1
새벽,1
그냥,1
손빈,1
기상,1
정성,1
도시락,1
가지,1
아침,1
와인,1
안주,1
롬앤,1
감상,1
송승환,1
원더풀라이프,1
섭외,1
제이,1
부모,1
여름,1
한여름,1
다홍,1
호텔,1
독수리,1
형제,1
버전,1
짜장면,1
고품격,1
독서,1
인기,1
유니콘,1
짬뽕,1
코스트코,1
미만,1
백화점,1
패션,1
박수홍,1
감성돔,1
완도,1
어부,1
개월,1
생후,1
육아,1
일기,1
발달,1
물어,1
초소,1
꿀벌,1
장가,1
형님,1
속보,1
일반,1
역대,1
현영,1
찰승헌,1
아파트,1
장인어른,1
에일리,1
최시훈,1
류진,1
독침,1
여행가,1
청년,1
마음,1
오늘,1
신혼집,1
사우나,1
송필근,1
숙녀,1
무성,1
수다,1
넷플릭스,1
호기,1
제작,1
현장,1
동네,1
튜브,1
영어,1
피치,1
대회,1
김사랑,1
과연,1
포탈,1
추가,1
야생,1
순간,1
대장정,1
서막,1
슬기,1
만날,1
사람인,1
출연,1
대망,1
당장,1
찵여오너,1
소장품,1
영상,1
드레스,1
군대리아,1
귀국,1
대치동,1
나우,1
이탈리아,1
삼성,1
갤럭시,1
보따리,1
개그맨,1
동생,1
주우,1
비디오,1
롯데,1
월드,1
타워,1
터키,1
리얼,1
반응,1
티어,1
마지막,1
비밀,1
보장,1
백설공주,1
소원,1
티저,1
평생,1
퍼포먼스,1
토트넘,1
연패,1
쯔양,1
포켓,1
지방,1
삼양라면,1
인분,1
인천공항,1
일체,1
속임수,1
허준호,1
지금,1
출발,1
어디,1
과감,1
파넨카,1
로드,1
편의점,1
간식,1
닥터,1
프렌즈,1
진승,1
최강,1
간이,1
장기,1
아무,1
텐트,1
생존,1
겨울잠,1
토종,1
나고야,1
로컬,1
대기업,1
부채,1
위기,1
그룹,1
위해,1
강사,1
모먼트,1
초반,1
나혼산,1
사이,1
인문학,1
김광규,1
정동원,1
키다리,1
확인,1
체리,1
북미,1
투어,1
나래,1
가구,1
노동,1
정리,1
정신,1
하우스,1
그녀,1
재회,1
부순,1
준결승,1
걸스,1
나잇,1
이상형,1
타로,1
부초,1
마셰코,1
사제,1
대결,1
김소희,1
준비,1
한남동,1
데이트,1
허락,1
만남,1
추구,1
저희,1
잡화,1
관광객,1
대전,1
록담,1
시계,1
이경실,1
손보,1
모자,1
갑자기,1
엘레,1
간격,1
알람,1
키맨,1
점검,1
데프콘,1
도매,1
베트남,1
배소현,1
캐디,1
삭발,1
아내,1
선생님,1
정신과,1
상담,1
기능,1
끝장,1
얼마나,1
금고,1
올해,1
박형식,1
우현,1
감기,1
토우,1
때문,1
국산,1
미국인,1
디스,1
뜨개질,1
숯불,1
구이,1
코바,1
검사,1
의류,1
박나래,1
무제한,1
직원,1
명인,1
유럽,1
크루즈,1
탑승,1
갱신,1
에픽하이,1
완전체,1
호주,1
유학,1
도착,1
계약,1
완료,1
혼종,1
메이드,1
유학생,1
레저,1
트레저,1
옐로우,1
잇츠,1
외로움,1
둘이서,1
외식,1
신라면,1
투움바,1
슈퍼맨,1
나폴리,1
피아,1
최애,1
스패니시,1
다이닝,1
돈까스,1
와플,1
떡볶이,1
아이스크림,1
샹궈,1
크림,1
새우,1
에그드랍,1
배꼽,1
아우,1
사기,1
꼬북칩,1
연세,1
우유,1
누룽지,1
치즈,1
양세형,1
고삐,1
텐션,1
레전드,1
롯폰기,1
카츠,1
세대,1
말함,1
단계,1
난생처음,1
어학,1
방과후,1
일상,1
둥이,1
진화,1
과정,1
카메라,1
동물,1
감스트,1
라면,1
만두,1
엽떡,1
리지,1
틈새라면,1
형아,1
막내,1
뚜껑,1
삼겹살,1
독일,1
여자,1
대박,1
방치,1
가위바위보,1
한판,1
모두,1
지식인,1
이경규,1
김준호,1
정우,1
질투,1
슈블리맘,1
패틴슨,1
미키,1
인터뷰,1
스타트업,1
봉준호,1
비법,1
초초,1
지드래곤,1
롯데리아,1
재기,1
크랩,1
신작,1
출시,1
바로,1
다운,1
스포,1
시간,1
행복,1
향기,1
이제,1
앨범,1
더니,1
탈출,1
대접,1
도쿄,1
타로점,1
결과,1
청춘,1
서약,1
천국,1
점점,1
트레일러,1
절친,1
박서진,1
소식,1
김희재,1
가격,1
메이크업,1
컨설팅,1
해원,1
제주,1
살이,1
종료,1
무슨,1
머리,1
로버트,1
플레이,1
투탁,1
혜리,1
민호,1
휴먼다큐,1
자식,1
이름,1
이소담,1
라이딩,1
초보,1
튜버,1
눕프핵,1
사상,1
마인크래프트,1
해커,1
라잌,1
판교,1
